x1,x2,y
-0.13826430117118466,0.70245989181115,0.0
1.5230298564080254,0.9159699147756025,0.0
-0.23413695694918055,-0.3311428782091712,0.0
0.7674347291529088,2.2333441815639534,0.0
0.5425600435859647,-0.6639370437759899,0.0
-0.46572975357025687,-0.6553715862190329,0.0
-1.913280244657798,0.34218632603128735,0.0
-0.5622875292409727,-2.439402192719134,0.0
0.3142473325952739,-1.4323595067704784,0.0
-1.4123037013352915,-1.284139962563388,0.0
-0.22577630048653566,2.0727403666842923,0.0
-1.4247481862134568,0.09549930291236831,0.0
0.11092258970986608,-0.7698734321451299,0.0
0.37569801834567196,-1.6277507273949476,0.0
-0.2916937497932768,-0.8494313813691821,0.0
1.8522781845089378,-0.850941651584382,0.0
-1.0577109289559004,-0.019087958278783797,0.0
-1.2208436499710222,1.1632541703573154,0.0
-1.9596701238797756,0.2953777287417265,0.0
0.19686123586912352,-1.8783387237068954,0.0
0.1713682811899705,1.0443494527887855,0.0
-0.3011036955892888,-0.16355136941860332,0.0
-0.7198442083947086,-2.0909458510444785,0.0
1.0571222262189157,-0.6514415972462053,0.0
-1.763040155362734,0.48594964538716356,0.0
-0.38508228041631654,0.45832394486582617,0.0
0.6116762888408679,-0.9573122735014112,0.0
0.9312801191161986,1.458053507513959,0.0
-0.3092123758512146,-1.1868328031226134,0.0
0.9755451271223592,0.46847723740916963,0.0
-0.18565897666381712,-0.6776547059006003,0.0
-1.1962066240806708,-1.5645939247670109,0.0
1.356240028570823,1.1490850378082276,0.0
1.0035328978920242,-0.10183769056704363,0.0
-0.6451197546051243,0.5114305712650605,0.0
1.5380365664659692,0.5110905666920358,0.0
1.5646436558140062,-0.050665670395402394,0.0
0.8219025043752238,-3.7048790561642324,0.0
-0.29900735046586746,0.12310314446723802,0.0
-1.9875689146008928,0.12976933467039423,0.0
0.3571125715117464,-0.31066296305191077,0.0
-0.5182702182736474,2.090057801823882,0.0
-0.5017570435845365,-1.1433826183034335,0.0
0.32875110965968446,1.2945740898793257,0.0
0.5132674331133561,-0.7491940649728808,0.0
0.9686449905328892,0.13728838688994213,0.0
-0.3276621465977682,-0.9928530068673435,0.0
-1.4635149481321186,-0.5545246680765638,0.0
0.26105527217988933,0.41877731191840206,0.0
-0.23458713337514692,0.0072315197343749815,0.0
-0.42064532276535904,-2.0016364991937676,0.0
-0.8022772692216189,-0.48467151729429564,0.0
0.4040508568145384,-0.22809244085506664,0.0
0.17457781283183896,2.667469682648851,0.0
-0.07444591576616721,0.36423125555462316,0.0
-0.026513875449216878,-2.7135522757670105,0.0
2.463242112485286,0.08517837976317841,0.0
0.30154734233361247,-0.2720394852646368,0.0
-1.168678037619532,-0.04908985549112663,0.0
0.7519330326867741,1.6161955236765342,0.0
-0.9093874547947389,1.118688107778673,0.0
-1.4018510627922809,1.9838507397456522,0.0
2.1904556258099785,0.8299412612272019,0.0
-0.5662977296027719,-1.400829905023025,0.0
-0.5034756541161992,0.14092831201593498,0.0
0.06856297480602733,-2.192969254889722,0.0
0.4735924306351816,-1.5023243193107634,0.0
1.5499344050175394,-1.3002622216279418,0.0
-0.3220615162056756,-1.1076874287952851,0.0
-1.2308643164339552,1.1504870820282083,0.0
1.307142754282428,0.32167692441365714,0.0
0.1846338585323042,-2.2733245916038594,0.0
0.7818228717773104,0.36752977225353717,0.0
-1.3204566130842763,-1.7493124713108248,0.0
0.29698467323318606,0.7381368408616634,0.0
0.3464482094969757,0.35425038623663263,0.0
0.23225369716100355,-0.9617001840052897,0.0
-0.7143514180263678,0.4144670664972218,0.0
0.4738329209117875,2.6386036179909462,0.0
0.6565536086338297,-1.6847575626464844,0.0
0.787084603742452,-1.3784080370319387,0.0
-0.8206823183517105,1.6385015811377797,0.0
0.4127809269364983,1.3624195876438157,0.0
1.8967929826539474,1.1625686273508042,0.0
-0.7537361643574896,-0.3470312016964418,0.0
-0.8158102849654383,-1.257963370302983,0.0
0.3411519748166439,-0.10903828313557551,0.0
0.8271832490360238,0.3912998809963655,0.0
1.4535340771573169,0.0183874518302447,0.0
2.720169166589619,-0.37428128293983204,0.0
-0.8571575564162826,0.8848272487432757,0.0
0.4824724152431853,-1.5144706946016284,0.0
0.714000494092092,-0.3160241016934858,0.0
-0.07282891265687277,0.6692590668971342,0.0
-1.5148472246858646,-1.1975471606246775,0.0
0.8563987943234723,-0.6314675010155537,0.0
-1.245738778711988,0.3027742765681697,0.0
0.3853173797288368,0.24491481408307095,0.0
0.1537251059455279,-1.249963173479955,0.0
-1.142970297830623,0.08231955907469,0.0
0.5607845263682344,0.505987737450212,0.0
1.053802052034903,1.531665756843518,0.0
-0.9378250399151228,-1.948318704630888,0.0
0.5137859509122088,0.7283698599869377,0.0
3.852731490654721,0.7283874232428964,0.0
1.135565640180599,0.8073611028523793,0.0
0.651391251305798,1.3491622324599366,0.0
0.7589692204932674,-0.445858041569498,0.0
-0.23681860674000887,-1.092939899742931,0.0
0.08187413938632256,-0.6864077120214406,0.0
-1.867265192591748,3.273421537252745,0.0
-1.6127158711896517,0.9705184685443792,0.0
1.088950596967366,-0.6674124451154562,0.0
-1.0777447779293061,0.09090567479440499,0.0
0.6795977489346758,-1.0115922068512284,0.0
0.21645858958197486,-1.0328943960791304,0.0
-0.6516003476058171,0.06444831405426886,0.0
0.6339190223180112,3.03199480809351,0.0
0.18645431476942764,-2.8639841117905194,0.0
0.852433334796224,-0.9359073938703988,0.0
-0.11473644146689901,-1.1207935767534656,0.0
0.8657551941701215,0.7141598587600483,0.0
-0.3345012358409484,-1.697475457725976,0.0
-0.6533292325737119,-0.671674100429334,0.0
0.40498171096095553,2.4967293303546163,0.0
0.9178619470547761,-1.7831591887992393,0.0
1.0324652605511468,3.001182075289376,0.0
-0.48423407286625136,-2.1487136121145136,0.0
-0.7076694656187807,1.7916829295014056,0.0
0.7746340534293368,0.6276554545290677,0.0
-0.05952535606180008,-1.3108776442826138,0.0
-1.0243876413342898,-4.58384423160265,0.0
-1.2477831819648495,-0.35718530512370844,0.0
-1.4301413779606327,2.3085782053912673,0.0
0.13074057728609134,-0.6223168811343814,0.0
-1.4358621511794394,2.0382682324833787,0.0
0.010233061019587049,1.6449619535583213,0.0
0.46210347426327075,-1.3880628458985338,0.0
-0.6002168771587947,0.2815129212018609,0.0
-0.3853135968617602,0.0987150552748042,0.0
0.6621306745210467,0.16053776921890406,0.0
-1.237815498826849,2.2429664915445526,0.0
-1.9520877995225019,3.0165647274333436,0.0
0.5883172064845765,-0.2146565399654111,0.0
-0.6226995198205938,0.3973825102674301,0.0
-0.4930009346588328,-0.2943293090868674,0.0
0.8496020970210246,-0.8334876324552267,0.0
-0.6929095952606542,0.5048961422289914,0.0
0.30729952087660933,1.27222634454685,0.0
0.6296288419236122,1.1495606328013879,0.0
-0.5601810401969696,-1.1723759875856268,0.0
0.6103702654334648,1.056832751440001,0.0
0.117327383308782,-0.029559317659313914,0.0
-0.5915713888358299,1.8068910237919977,0.0
-0.20219265243389406,0.7737125363894705,0.0
1.09877685198719,-0.3078477098776289,0.0
0.8135096360006385,1.1673149953433557,0.0
0.02100384163275905,1.8462258344683027,0.0
-0.31026675659345604,0.964427140905968,0.0
-0.13014305436768459,0.4584404521541722,0.0
0.5951570254369136,0.13717300918816802,0.0
2.0923872756854602,-1.157138787242957,0.0
-1.2141886127877322,-1.4227234248999467,0.0
0.7916626939629359,1.637816104035548,0.0
0.6283455092642799,0.8826387098209727,0.0
-0.8972543714858315,-0.01731955225540922,0.0
-0.6771617115121117,0.10720383428726832,0.0
-0.14705738150213865,1.3790275519370208,0.0
-0.32138584165299344,-1.1674293314049418,0.0
-0.5637245528039747,0.5839732629670336,0.0
0.2436872114919123,-1.1627952346698185,0.0
-0.5069431753711298,0.34643504718998896,0.0
0.2320499373576363,-0.666148760202675,0.0
-1.4074637743765552,-2.047900515205628,0.0
-0.21344715171184725,-1.0160335615037717,0.0
1.475356216949552,0.4396896959131008,0.0
-0.1599385299634271,1.2129138710320944,0.0
-1.0025293646378088,-0.026892979120888973,0.0
-0.2886586389201383,-0.02618152800249533,0.0
-0.827230943552323,0.4563929648596462,0.0
1.5327389130025777,0.7344668840110576,0.0
0.40171172209894146,-0.15381007699339927,0.0
-0.40122047188583626,0.9760109930681603,0.0
0.01259240078179486,0.3169146270021375,0.0
-0.7730097838554665,0.1381348632874488,0.0
0.49799829124544975,0.034662620853124715,0.0
0.9592708260852069,2.0522269710947714,0.0
-0.7673475628880495,3.0450598336766737,0.0
0.18334200573835174,1.233647675188317,0.0
-0.8082982853551515,3.0968490070808175,0.0
-0.5993926454440222,-1.1875460178329733,0.0
-0.525755021680761,-3.0036421383851573,0.0
0.15039378647620763,-1.0735757056096245,0.0
1.8761708392158862,0.4833159359661099,0.0
-0.5769036556624031,1.3441022819654043,0.0
0.4919191715065057,-1.2705502128558148,0.0
1.8314587658543537,-1.8670917068639183,0.0
-0.4691756521047048,1.6679802147310048,0.0
1.3538723741654128,-2.4227380852099647,0.0
1.2378163119734618,-0.16198380258836778,0.0
-0.5993750229537729,-2.2548612192897757,0.0
0.046980593764742055,0.00741571125846661,0.0
0.6228499323474987,-0.6364886937217878,0.0
-0.1423794850212935,-1.5098432906994523,0.0
0.514438834058749,0.17012371386120637,0.0
-1.1246420918378692,1.0063754117797847,0.0
1.277676821898509,-2.169565066483071,0.0
-0.7484865365565536,0.46996298270815373,0.0
0.11567463429285867,2.1936601610857713,0.0
0.06751848141010895,1.6677780717714636,0.0
1.7553408424432044,2.9143376640003185,0.0
0.9715709509543554,-0.35208847532377474,0.0
1.3686315575323487,0.9126994207327306,0.0
0.6860514599984393,-1.3646078446043644,0.0
-1.7587394864231143,1.4968382640504707,0.0
-2.0392321777601006,-1.6733802364053558,0.0
0.7175422557959623,-0.38099879906749673,0.0
0.07409478041977519,2.1246537186010657,0.0
-1.3801014582148914,2.3032101924385784,0.0
-0.05554769889661878,-2.4089465476442258,0.0
-0.03269474809409311,0.5431505667288798,0.0
-0.08912003951278841,-2.9238046572975067,0.0
0.6696725488300385,-1.8447984593160205,0.0
-0.9398797863273552,0.5184482115723524,0.0
-1.0592135218889516,-0.7267175637524061,0.0
0.9551423205012383,-0.08864162944102215,0.0
0.5040465155178444,-1.3940271435121359,0.0
-0.7928728322623442,-0.7498975154539627,0.0
-1.035242322419374,-0.15136378663340988,0.0
-1.1978778925888485,-0.7829783564204278,0.0
0.03526355197172861,2.7785409293056396,0.0
0.213979910734222,-0.9895613033415182,0.0
-0.22096959953322298,-0.1588558513076905,0.0
0.7575077100473051,0.8685628767593405,0.0
-0.57581824064468,-0.7502419178052993,0.0
-2.301921164735585,-0.3889818404655922,0.0
1.3668742674445247,-2.1428037497476886,0.0
-0.24903603955637832,2.3263356500993755,0.0
0.3112501545435361,0.8153746766341085,0.0
1.1195749114345768,4.354194996247637,0.0
-0.9555404406004258,-0.18090279273820112,0.0
0.2034636358672231,-2.2718581733326118,0.0
-1.4222537095976742,-1.06964148189206,0.0
-1.081548003614395,-0.9143921419584704,0.0
0.8816397569494505,2.3859785819639403,0.0
1.4799441388900259,-0.011275017477896377,0.0
-0.8612842013282637,0.10941530997311587,0.0
0.5389100436846587,2.1540227272517556,0.0
-0.1903386780836082,-1.466887578967811,0.0
-1.382799730964336,-1.238311209398165,0.0
1.9094166404701305,1.3098128488846992,0.0
0.5629692366905709,-1.9778732307902644,0.0
-0.48712538376469605,-0.9201475455093616,0.0
-0.863990769679816,-0.8377715219260286,0.0
-0.8309501164110378,0.0686199443079957,0.0
-0.05023810944913695,0.3824837110542254,0.0
-0.9075636620415979,-0.3379235685810386,0.0
0.755391225825756,-0.8156778380777119,0.0
-0.977555244798551,0.7084038803641876,0.0
0.751387123371789,0.14047709351979787,0.0
0.543360192379935,-2.3608955896591137,0.0
0.5705986685931593,-0.9370915066518569,0.0
-1.804882100664519,-1.0794114507878767,0.0
0.048084946661381994,-2.3016925889921396,0.0
-0.9043166251044086,0.3673030843879892,0.0
-1.6615200622689599,0.9031061160321439,0.0
-1.2110161997624567,-0.0934509474459184,0.0
0.047398671316414016,-0.9218354640983044,0.0
-0.38455554422982535,-1.2168082504316415,0.0
-0.5768918695231487,1.4231129385095833,0.0
-1.129706854657618,1.18184711885074,0.0
1.4415686206579004,0.7492562538097212,0.0
-0.7968952554704768,-3.495433173444882,0.0
-0.2030453860429927,0.8161032287262113,0.0
-0.6039851867158206,0.5248795277405124,0.0
-0.15567723539207948,0.122456451807179,0.0
0.2544208433012131,1.6514932294953135,0.0
-0.4118769661224674,0.4774422634000119,0.0
-0.4325581878196209,-0.6895793351808548,0.0
-0.42098448082026296,0.5578395694585105,0.0
2.075400798645439,0.40980353265763,0.0
-0.32602353216784113,1.2319563701113396,0.0
-0.4080753730215514,1.6987730200356304,0.0
-1.008086310917404,-2.8823433594538814,0.0
-0.35151348404130867,-2.6456993070927814,0.0
1.6764373122752827,0.02604752164679439,0.0
-0.21910052880886424,0.4623451258882968,0.0
-2.211135309007885,1.1729566216176297,0.0
0.7708651938869668,0.33320930356967765,0.0
1.143754043206929,-2.0910367219201706,0.0
-0.4152879139008013,0.47870621029317023,0.0
2.270692857804396,0.894888697071264,0.0
0.24822058630033608,0.2571977244417284,0.0
-0.8498443694647918,-0.6496344141537181,0.0
-0.8560838259088672,1.1742721730810104,0.0
-0.4776574467651167,0.10120994328367501,0.0
0.3336621052869483,0.6773797656736492,0.0
-0.510016398854747,1.4673030606733461,0.0
-0.9787637157823074,-0.3816607936364471,0.0
0.3773004930448522,-0.6283255540705938,0.0
-0.9221653241776254,1.0705435682219044,0.0
1.355637858804951,1.229808486133359,0.0
1.876795812558066,0.5846852472973658,0.0
-1.244654703311417,-1.0943031797900882,0.0
1.496044311489183,-2.515490299668078,0.0
-0.05558467091045507,0.9254127859670805,0.0
-1.1254890472983765,0.3959354283804549,0.0
0.1292211819752275,3.4588156197749615,0.0
0.725766623898692,0.15470760218325863,0.0
0.22388402427913137,0.6802497791487229,0.0
0.4714683571359957,-1.1178996956002472,0.0
1.3454200461549777,2.661584567633388,0.0
-0.5112156764311852,2.253106134784876,0.0
-0.12578692009964815,-1.399512558199474,0.0
1.0941915184709485,0.07880692672072306,0.0
1.5295503194606137,-2.393506433179456,0.0
-0.42688106994742003,-0.22345691313247934,0.0
-1.6548566718657693,-1.4313317340300773,0.0
0.07331796718840389,1.1641390039855202,0.0
-1.295078772063616,-1.8242801993447988,0.0
1.669021525289393,-0.47487127577347077,0.0
-1.5031429531181062,-0.3671176097731694,0.0
-0.2727235697476705,-0.34753317408946316,0.0
-0.05429486651781221,-3.8139736666308175,0.0
0.6962063648134184,-0.3265907446413716,0.0
1.1265650295477574,2.614818785704103,0.0
-1.1065259087416703,-0.3802660329513837,0.0
0.05921843401448826,3.6392803346217124,0.0
-0.024125087110003277,0.019698993537542394,0.0
-0.14436041192394247,0.2801341551773305,0.0
-0.5468589412403921,-0.811280590348198,0.0
-0.543424771133765,-0.04632011895153568,0.0
0.10643022769189683,-1.0081161737425097,0.0
1.5039929885826886,-0.36059223897272696,0.0
1.0915068519224618,-3.749037456471003,0.0
-2.0733902324081495,1.762230579102436,0.0
-0.37144086599579146,-0.4846334432054352,0.0
-0.7778166875908753,-1.9905221278686822,0.0
1.7522704434236227,-1.5705914227017417,0.0
1.2715550949941588,1.3232490736086044,0.0
-1.1290517712172292,1.0205984205557281,0.0
0.48937456122791806,-0.7417836743124032,0.0
0.7129984301723881,-1.7283497222883033,0.0
-0.3748208075495975,-0.3398714374579486,0.0
0.44426331148603976,1.0054492293377222,0.0
1.159329803364248,-0.5104832472591584,0.0
0.6159356069442637,-1.5288544196759632,0.0
-0.3095464393139903,0.8387718428794321,0.0
-1.251113576385303,0.46122174319252957,0.0
-0.18490213644298903,1.3067715425615838,0.0
1.0490092258368893,-0.7392419849826554,0.0
-1.4084612963635597,-0.9960923997374885,0.0
0.6060099513456396,-2.2014060887831266,0.0
1.7547941819843647,-1.810800555960844,0.0
1.6964563682900382,-2.944292804532547,0.0
-0.09671311187039239,0.29842376401556275,0.0
0.39913611435207086,-0.7706319629611786,0.0
1.1033018820165215,-0.05322350658509617,0.0
0.1503017614618776,0.1615422899358454,0.0
-0.056945623721067457,-0.514225321957319,0.0
-1.7101683926566256,0.43529743608957916,0.0
0.743264094022715,-1.9066221085355954,0.0
-0.18398333635267913,0.24164021994135634,0.0
0.34758170536167105,0.02606951814895685,0.0
-0.7783047254023127,-0.7633354603156651,0.0
-0.978372777615032,0.2769670158855598,0.0
-1.7025836042378404,0.5773565840075962,0.0
0.472597482413043,1.4554458600986515,0.0
0.9826909839455139,0.36208072263746316,0.0
1.0143700650181304,2.355336547144772,0.0
-1.2795769667357015,-2.6033893045723593,0.0
0.026091050210833786,-0.8836269065998965,0.0
-0.7257438131534656,0.7320804074322055,0.0
-0.7553829323533225,0.26412809132402576,0.0
-1.4066610968482223,-0.8648167706238117,0.0
-1.3516846056163336,-1.3056489778837785,0.0
1.0536417966078395,-1.3800931895176944,0.0
2.632382064837391,-1.3426527846880802,0.0
0.1848361236948739,0.6976568659871798,0.0
0.7003098794089914,-1.2139012141007361,0.0
0.12200981464536144,-0.814074820880427,0.0
-0.09605989972464987,3.6205062748413925,0.0
-0.7031764251258874,1.6253179249068421,0.0
1.77080063563551,-0.04948119778776539,0.0
1.8124485579969287,-0.8866653162846168,0.0
-0.5624667758942676,1.0009123859169409,0.0
0.9725544496267299,0.8943596015220231,0.0
-1.5702247198904564,0.879372081786261,0.0
-0.24751863555150475,-1.028327255757199,0.0
0.620672097550678,-0.10526476492722166,0.0
-1.3353443587101013,0.2513071655670816,0.0
0.6105857452838231,0.5376809572777385,0.0
1.0807807255546218,0.7916632435509865,0.0
0.4591800792284367,1.1793440209264525,0.0
-1.6609609335159914,-0.09922930075837591,0.0
0.20768768716311115,0.6075719121398793,0.0
-1.2767485758203094,0.38407047481521195,0.0
1.0531528533329035,-1.5288448211375025,0.0
0.6815006973726244,-0.055939435045836,0.0
0.02975613949574519,0.04004823158808072,0.0
-0.5160447282173739,1.3269336837663017,0.0
-0.4622752887050425,0.13593530637577775,0.0
-0.30917212346863937,-0.6144704576347255,0.0
-0.4787486216634773,0.3141445925054846,0.0
-0.8946073022195039,1.7759073438191646,0.0
-0.4397310582741749,-0.264276413595953,0.0
0.19655477651157463,2.046335748506977,0.0
-1.485560373036972,1.459248541977164,0.0
0.889630795623437,0.3776661078276467,0.0
1.0654803750653512,0.1163671335994672,0.0
1.40934744018558,-0.7315563417909043,0.0
-0.36283856043965906,3.251132904936404,0.0
1.453384477117701,-0.6300357078363815,0.0
-0.5228600271532683,2.2338523512391446,0.0
-0.2817846088605072,-0.5942338954673444,0.0
-0.9186519464841982,-1.901340146644113,0.0
-0.7677975651041284,-1.4200694908724931,0.0
0.23421473253652075,-0.04905183815176945,0.0
-0.998354040738791,2.1927388254038354,0.0
-0.21398884422550896,1.3920420856731988,0.0
0.6748194921666038,-0.06995224903575566,0.0
0.3824097461840506,-1.5877687096683413,0.0
0.4924512640081491,0.23539897034185422,0.0
2.4553001399108942,0.40894621802747244,0.0
-0.5309969550018176,-0.9019005349958151,0.0
-0.5554771191602547,-0.8812537837342118,0.0
1.1890165311075518,-0.9014015199189039,0.0
-0.5707462937494763,2.008896372915847,0.0
0.4714155563864041,-1.1771285402008305,0.0
0.6329318177555108,-0.7809613186771078,0.0
-1.515744114997232,0.28697648820562643,0.0
1.7958776730955217,2.1885028435638803,0.0
-0.38770155993598415,-0.8666140769518679,0.0
0.334456789987025,0.4042747125762446,0.0
2.0102045387663496,0.9313222418370425,0.0
-0.7982972445384537,-0.2502411689464021,0.0
-0.7309300399419191,-1.9506519591001321,0.0
1.7945578635177877,-0.04684861431848948,0.0
0.2237879516388985,-0.7320129191345094,0.0
1.188393273448084,-0.023225482359529825,0.0
-0.5308687729203206,3.5736221078708215,0.0
1.044160877069072,-0.6921718975695966,0.0
1.8467073257360336,0.9643401926963223,0.0
-0.35929209078705954,0.8257991591398883,0.0
1.1087035805829077,0.835312072246248,0.0
0.5072740311072977,1.1603370283347716,0.0
1.1692955904456728,1.5085058126570927,0.0
0.6487098875896427,1.9546679904811841,0.0
0.14671368643332283,-0.23634065570185162,0.0
-0.8169356709872361,1.7062613435608647,0.0
-0.3933388123273607,0.521382793493022,0.0
1.2784518626072987,0.04065131844243208,0.0
0.04643654815614881,0.2702548937506059,0.0
0.7462535660272207,-1.9231269974501415,0.0
2.16325472330546,0.9128524832670005,0.0
0.21915032766393897,-0.43526415407378677,0.0
1.5774532797634744,0.35268178773831244,0.0
0.27902152577033923,-0.1347682343351922,0.0
0.1866091231563581,0.8596954885603977,0.0
0.19408999289830758,-0.6313524723965999,0.0
-1.0265152994110602,1.5183445816460481,0.0
-0.7001208149391732,0.18804751656284316,0.0
-1.5231869047837747,1.6900511502937599,0.0
0.37721187506452086,-0.790434856718104,0.0
-0.0657502610729878,2.213985314364178,0.0
1.8811570694405901,-0.7851707004726444,0.0
-2.198805956620082,-2.0478008964734165,0.0
-0.5020542243526112,0.6222744029055616,0.0
0.7083564472993533,-1.4442413003267376,0.0
-0.5640786307367284,0.34478627593147043,0.0
0.8724573282801447,-1.810623844566309,0.0
-0.09917586377938291,0.9195233241401007,0.0
-1.0700847663261526,2.611539084590521,0.0
-0.6919080698812444,-2.1574183864633,0.0
0.24333944932269183,-0.06446836258450674,0.0
0.3520553965142968,-0.3411593047538424,0.0
1.4437646040732595,-1.7699440275347402,0.0
1.1172958315881276,-0.11617931064770237,0.0
0.4567532191537839,0.48468683301636595,0.0
0.44770856001731496,0.8057726151008147,0.0
1.3291525301324314,0.9089472438505467,0.0
0.7090037575885123,0.2779229034852436,0.0
1.4401172154494728,-0.1269054358899619,0.0
1.8009404329108156,-0.9565631670569784,0.0
-1.4307751021180481,-0.056791918438339827,0.0
-0.6810516574748808,0.18116700096670835,0.0
-0.6526239793023909,1.188849508101305,0.0
-1.889540730945531,-0.6309986625585317,0.0
-2.4238793266289567,-0.6396577310290993,0.0
0.7604146561442974,-2.2399768544545484,0.0
0.42545756178496474,1.1112892416789368,0.0
-0.047711356141979855,-1.3675107761045602,0.0
-1.1583646891925428,-0.005094759640861073,0.0
0.8773622905756714,2.1261262680077837,0.0
0.02688583899453078,-0.3124905314284769,0.0
-2.0417348684242906,0.2946977931648167,0.0
-0.6819842479977986,-0.3495616066725106,0.0
-0.2811002928859549,-1.4165046023376633,0.0
0.6408428612670098,2.54231266716598,0.0
0.5725827813561586,-0.8077690738933948,0.0
0.9246336829127688,1.9789874370004479,0.0
-0.6469367777055739,0.08433007787043491,0.0
0.3934853854217496,0.9874368796774218,0.0
0.6351718016819695,1.2659943927076613,0.0
-0.535235211560568,1.484291684430112,0.0
0.19759960469239965,1.8630765546098949,0.0
-0.6891878180895679,2.9348620715288747,0.0
0.1979107834626478,2.455023554225074,0.0
-0.48388583405432156,-0.9212441754855588,0.0
0.4241659464019164,-0.45303950791812136,0.0
-0.573700003938579,0.7394010380697597,0.0
2.1422703586118637,-0.034442594681548755,0.0
0.4363236696740321,2.443114980741437,0.0
0.1200313267182613,0.05374503424281868,0.0
-1.0227925651984056,0.8676454377950019,0.0
-1.6685840738775894,-0.3639853898607211,0.0
0.647195939702741,0.5645867544013229,0.0
1.5739867632900328,-0.683328848138851,0.0
-1.4643748802098202,-1.73349442490916,0.0
1.0470983026121545,0.31742280590681765,0.0
-0.45888426286894,2.3814333793153346,0.0
-0.03850846950070721,1.5254850641104518,0.0
0.8836599374866724,-0.24413186881215532,0.0
-1.5763921569842494,0.9225238616985135,0.0
1.3800913541474515,2.0881433879734748,0.0
0.39580353343740904,-0.8846792565895287,0.0
0.2606737658239071,0.6986641896627559,0.0
-0.6716233679380516,-0.7782490120120058,0.0
1.1727290192593647,-0.036138913769946795,0.0
-0.37061433208610595,0.7687667111355574,0.0
-2.8485426206300755,1.0913467826647198,0.0
-1.7397137787780996,1.6246000334552562,0.0
-1.1196698946261439,-0.5125688948915817,0.0
1.1608267873785194,-1.830956101917718,0.0
0.3465038817307158,-0.661429382033466,0.0
0.47704082722312147,-0.06635571900533871,0.0
-1.2829922241885696,0.10864256022456156,0.0
-0.4937565831613125,1.408934047804453,0.0
-0.4281151609659125,-2.2013392320290825,0.0
0.8502217421134929,2.122394849779249,0.0
-0.3492577043184288,-0.49306857702992174,0.0
2.076747983560841,-0.4548606515661876,0.0
0.43004164719106963,0.5401382964969642,0.0
0.23878915902651351,1.4570408337804286,0.0
-0.19634984908497827,-0.3663409158458673,0.0
-0.03722223650984159,-0.1012594721463635,0.0
0.05194588580729943,1.0290235689947627,0.0
-0.08071658010858232,1.0361095335363437,0.0
-1.9982006845321076,0.11120695262480479,0.0
0.3464884758979927,1.295883025142051,0.0
-2.8962553781936893,1.4113994327489827,0.0
-0.13958962815517376,2.9534078308178136,0.0
-1.0399059271255309,1.5672071690190141,0.0
-1.0534155631736561,0.8665931672078094,0.0
1.9140313538667861,-0.8821425240033778,0.0
0.21743287317972287,-0.26966563726538656,0.0
0.49568188797260465,1.2304615849232179,0.0
0.3649610024662254,0.2127244556913579,0.0
-0.05761879703358539,3.3989429166628384,0.0
1.050654396007612,0.28439699924460765,0.0
1.1870303055603801,1.56344976794435,0.0
-1.1430049127304835,0.9033009426912512,0.0
-1.146345393018688,2.3100210261880765,0.0
-0.7542758500193579,0.4279911793961322,0.0
0.3287624103034804,-0.09070531961999626,0.0
0.42192075423528475,0.45446773245622896,0.0
0.45353430151397983,2.2821323624570375,0.0
0.9640871682883573,-0.34528962497141685,0.0
-1.2276078151369925,1.6821652974797832,0.0
0.7011727423108983,0.8448512809443036,0.0
1.3757068133116195,-0.42081834211895264,0.0
0.12557645347154225,-0.21221064629125563,0.0
0.015579047581467534,-0.24476052116690158,0.0
-1.4400508825942944,-1.5503670959789377,0.0
-0.8469613483183278,2.254970685685325,0.0
-2.153390113603715,-1.4020405062340366,0.0
-1.3230897934074983,-0.9036283694201097,0.0
1.0098170893426341,2.3221601090870827,0.0
2.2524358053443088,-0.9731915511020638,0.0
-0.32483138350862245,1.3884260667733392,0.0
2.2909425725907417,-3.5346934598470283,0.0
-1.6453987469568918,-1.9651522283973144,0.0
2.439752406339273,1.4461329734297483,0.0
0.5639091200523596,1.957657393962005,0.0
0.8534155587803077,0.841109656263329,0.0
0.2811914239693758,1.0732871045491306,0.0
-0.06259312789952241,0.14736261442299187,0.0
-0.28067507686677406,-1.0662669471243083,0.0
-0.09833962679474989,-2.394202487147062,0.0
-1.103589317215771,-1.3980789513742613,0.0
1.3920022863445993,0.2544087483528448,0.0
-1.570500603623177,1.2986957987609011,0.0
0.9407711879882159,-1.3995455324437849,0.0
-0.2246331499970246,-1.3894469968024699,0.0
-0.9683444548636353,0.77789113845231,0.0
-1.3340254949182044,0.14902346993354593,0.0
0.31978193414253697,-0.850462278048161,0.0
0.440474737960399,-2.252833342735839,0.0
0.5524899544171478,-0.027772041577268387,0.0
1.3641404299738442,0.31666240520127165,0.0
-0.429405541125253,0.17709418998609602,0.0
0.5432980290363879,0.17295478743262044,0.0
0.04059169120388238,0.06909857411311428,0.0
-0.6629009175509482,-0.9927661655694932,0.0
1.7495767431869393,-1.9835833980351278,0.0
-0.6929051977959073,-1.759088257227633,0.0
0.8949243769444413,-1.015981298275329,0.0
1.2477420726737338,-0.417121835258167,0.0
0.27899416222380197,-0.9524595749368009,0.0
2.1451491277733883,-1.181359132008349,0.0
0.3098207102270275,-1.679517790844383,0.0
0.41379909745149823,0.896295860532692,0.0
-0.12982069973342616,-0.26203632012521466,0.0
-0.14700200162848862,0.061958777860385617,0.0
2.2105230015913513,1.3631309194595618,0.0
-1.3698029795790778,-0.788412443269664,0.0
2.5797093376543185,-0.12484967009242191,0.0
1.6391168054440675,-1.1365674737571312,0.0
-0.5535882417079946,2.372627244871285,0.0
1.628396623128538,0.8046635873446212,0.0
-0.20358036010236177,-0.5361675931763782,0.0
-1.0147567306928669,-0.8226210374797492,0.0
-1.2239402667622565,-0.9182171099766557,0.0
-0.7699732310586418,0.04820130306491042,0.0
-1.5558956462036273,0.3306232071462355,0.0
0.8335289616089246,0.4679353119188443,0.0
0.37405656984757213,-2.8195679855111897,0.0
-1.2096410186912054,1.736186139260643,0.0
0.4190190093660452,2.365374553516619,0.0
-0.05576907765770601,-0.9970373280473661,0.0
0.0760053914124115,0.7895934919261165,0.0
-0.9206735930793662,0.7619160313274321,0.0
-1.4137144969049802,0.2395123742865048,0.0
-0.9039076414647897,-0.1572974044486739,0.0
1.2360931752104374,-1.040196420341952,0.0
0.609138120907177,1.5433455732994332,0.0
-0.3164084496948019,-1.5447635261532122,0.0
0.14171691363990474,1.715579219794169,0.0
0.39331783939437187,3.280027291054664,0.0
-0.3091164642025014,0.2715984651819731,0.0
-0.1524698363805439,0.18885535867467776,0.0
0.9567023167945841,1.0014168942070698,0.0
-1.331232953557778,-1.1115569549326545,0.0
0.5079913269125437,-2.5967865419450313,0.0
-2.152890592952483,-1.5603960187206658,0.0
2.4929995174327906,0.5495331325757009,0.0
0.8384907744516419,-0.00858556543568447,0.0
-0.09888965319114267,0.1157241886582572,0.0
-0.29027454418865134,1.2997704270994677,0.0
0.3216978061960136,0.37814983703481136,0.0
0.9920423495365228,-0.9448225804339931,0.0
-0.7557451594928447,-0.24743046078814385,0.0
-0.8984679817910373,0.7587394971239324,0.0
-0.009118996644203544,0.03985417495479166,0.0
0.4746982328799528,1.535688236519824,0.0
0.8177662992002871,-0.035393464482334464,0.0
0.5578103063518622,1.966050370333744,0.0
-1.3118362323501596,0.014640815388601682,0.0
-0.30522470435466764,-1.5062981877900792,0.0
-0.186971302985446,-0.86198042272555,0.0
0.5296927543567308,0.08011509209690622,0.0
0.4865016438262019,-0.09970032806189759,0.0
-1.9754665663538713,0.0911805918505408,0.0
-0.14408755572161547,-1.3284208535555548,0.0
0.5999287299962045,-1.710766711657328,0.0
1.2187618516973167,2.1648085877143606,0.0
1.490726136849952,-0.3018538028613502,0.0
-0.33708597111803934,0.21024753425874784,0.0
-0.30246968648812833,-0.8674823659753775,0.0
0.1704162223754877,-0.5489649213798456,0.0
0.0030460201534144695,0.22708590176495888,0.0
1.1906462747863413,0.6179238855737655,0.0
-1.4848979684499035,1.3428723365485788,0.0
0.9343199112392737,-3.6117899062096317,0.0
-0.22476540189268354,-1.9330583934179721,0.0
-1.8019804375800197,-1.654789710962569,0.0
0.7591551603026468,0.7657439337467482,0.0
-2.59104229214491,-0.8153088275568745,0.0
0.3918040054025465,-0.7725063070896695,0.0
0.18335991977915564,-2.0914967981108434,0.0
0.5792914996010884,-0.02165139633833683,0.0
-0.9730689408815555,0.16911217880486681,0.0
-0.15852957302697002,1.6922076460030642,0.0
-0.933267959073196,-0.03861445008929766,0.0
-0.8848027140269009,-0.626895771594311,0.0
1.7117084801423434,-0.2445826635026948,0.0
-1.6135613978767411,-1.9401612025686743,0.0
-0.20932367715186612,2.080549029702329,0.0
1.0399046873960764,-0.9462117412269635,0.0
1.8260097135469362,-0.8564697098797753,0.0
-0.48791140814570266,0.9587319615315922,0.0
-0.6057149230033384,3.0508945334189446,0.0
0.2992925804064919,1.0494813396698692,0.0
1.5615111967268527,1.8409401861688204,0.0
-0.7534178703461835,0.04526070166101738,0.0
-0.6777153697521061,0.6504988428583144,0.0
0.13653533108273744,2.847359551761186,0.0
0.1846803058649084,-0.5166426924927627,0.0
-0.9716140385106515,-1.9051242688822416,0.0
-0.6568942789713957,1.6976416290762946,0.0
0.5366527525272862,-1.4805557103061435,0.0
0.7189533106650667,1.6768388964865364,0.0
-0.7567950885694608,1.4086241460369209,0.0
1.5013336519554867,-2.0107439280330484,0.0
-0.25083301645504735,-0.456338204394913,0.0
0.5562300094006599,1.8783501688674322,0.0
2.165002344901084,0.644722670197864,0.0
0.9278401280812372,-0.9100722090379322,0.0
0.26859227886325693,0.08062873446272807,0.0
0.5078357562896237,2.1615807782916656,0.0
1.0725073373098022,0.7612656155642507,0.0
-0.8392096673390064,-0.5161210997446286,0.0
-1.9663565893760018,-1.4775833322766483,0.0
-1.1032083657216831,2.9079160102098607,0.0
-0.27681329988892067,-0.3128998751991905,0.0
0.8157372125392968,0.4347387212059579,0.0
-0.5830774385689385,1.2168932773008394,0.0
0.28257995048829965,-0.2363457942037778,0.0
1.6073455760199926,-0.351702363490611,0.0
0.7348777860498175,0.6943434353922895,0.0
1.173473857485325,0.9374556803925385,0.0
-1.2968319479558466,0.2560031434006998,0.0
-0.651356893791829,0.5652441220857091,0.0
0.5863640187550933,-0.7475768806271683,0.0
0.02127157673606165,1.7511967136784599,0.0
1.702214944635238,0.43675583492599557,0.0
2.601683114180395,0.34047641161717734,0.0
-1.7607627591558177,0.7997514105049327,0.0
0.38115838488277776,1.0653859376661634,0.0
0.6731813512699584,1.8239858369318702,0.0
-1.2242982362893657,-0.19580633034156497,0.0
-0.8505204542093001,-0.2956035253052978,0.0
0.5885784044206096,-0.8209841359894556,0.0
0.3946715298229811,2.36160159792168,0.0
0.4446026682201407,-1.6912340453424233,0.0
-0.6097829043193822,1.692292477576959,0.0
0.014688194729197093,-0.18952889469965575,0.0
0.648280433843859,-1.1100138394446677,0.0
0.41953244390702776,-0.17104651210504127,0.0
-0.43745830032341043,-1.2551034743477643,0.0
-0.372833152091767,1.021601513445526,0.0
-0.39963618561460235,2.442295700142354,0.0
0.9325908318730899,0.31775218641639646,0.0
-1.7608088119807759,-2.005872055919149,0.0
1.262584103427182,-2.157603851585181,0.0
2.5581992856682523,-0.7804452744271684,0.0
0.18455130319703697,-0.79796660655773,0.0
2.006092888159123,2.18087280959202,0.0
1.2083662305931424,2.915406316959837,0.0
0.5925269492011831,1.448243112720618,0.0
-0.5511857163285334,1.1007687903381769,0.0
-0.0033744574109520514,-1.1571079576543497,0.0
-0.4532280493272752,-0.24067740128209955,0.0
0.9553052085705107,0.984840572859668,0.0
1.4775300810552618,0.1250262176011066,0.0
-0.19365945927971812,-1.6145922292213273,0.0
-1.86653661707306,-1.0137398476082418,0.0
-0.12174750838328353,-0.11692814726505443,0.0
0.6308116845547775,2.1403411528631002,0.0
1.8540925663341883,-1.4484188973701924,0.0
0.5820977034686158,1.7268024123264945,0.0
-0.9594392367234797,-0.320296884255281,0.0
1.088748619704186,-0.5263798707268488,0.0
1.543243528272189,2.6652075133153352,0.0
-1.1196174332890112,-0.6913374822483944,0.0
-1.7684393655628516,0.1992432411336692,0.0
-0.14760258629866868,0.45702816432123,0.0
-1.5947030672667954,-0.6590751415029825,0.0
-0.5327008396619114,0.7263402363471602,0.0
-2.8722622132816493,-1.6545122559101055,0.0
1.772251596669744,-0.03891195189001777,0.0
-0.45709625658627184,2.3493753118308733,0.0
0.46877425607502377,-0.851656463188275,0.0
0.30179189981946597,-1.4119302285759008,0.0
1.2269332238843076,1.0834011195581852,0.0
-0.20367375017696587,-0.14163925328490146,0.0
-0.82688035403986,-1.2416548817185413,0.0
0.3673655068161781,-0.3202895205183693,0.0
-0.8031789506803448,1.2920037687946162,0.0
-0.2711236010425688,2.1109804186218426,0.0
-0.7472116791478234,-0.0302179174587764,0.0
0.8840453963610497,-3.428393454528876,0.0
-0.2813275571182134,1.0420546326199644,0.0
0.5159392177040995,0.09473918085251479,0.0
-0.5290526773462948,-2.209773542638838,0.0
-1.2542894231692494,1.1232598820351092,0.0
-1.356581804623405,0.41515360901224824,0.0
-0.03564148229748357,0.6596316070549375,0.0
1.1647393544571714,-2.2841413190738566,0.0
-0.810252437014381,-1.0388693707128382,0.0
1.1486373494287152,0.28364767891828363,0.0
0.06167984984797165,-1.4365889933537561,0.0
0.6931056072631441,0.6064381105368631,0.0
-0.3670278390833223,0.24952604043925403,0.0
0.08614388304637476,-1.1703893141287618,0.0
-2.9213504834946074,-1.5162335314993356,0.0
0.9039348410861953,0.6173887958267161,0.0
-1.0097307047099375,-3.3416910973145573,0.0
2.0574954697116987,0.8756163531146419,0.0
-0.7280029412291344,0.02940674340658337,0.0
1.3748764191481848,-0.258654627520237,0.0
-0.7991920066502536,-0.9135313029251212,0.0
-0.9533286082587124,-0.6827024362175873,0.0
1.6246784584695606,0.17348202458043305,0.0
-0.2523535021262876,0.45690308976232963,0.0
-1.563190808696657,-0.41268345415366486,0.0
-0.07783719701280203,1.248905823905794,0.0
3.193107567844861,-0.2552371415357871,0.0
-0.7517910500951843,0.42250041480916,0.0
1.1484457091967548,-0.6029606949746711,0.0
-1.4382779783173667,0.16018855079807484,0.0
-0.668144085538994,1.2999860262020233,0.0
1.0800480657146485,2.6492431214902123,0.0
1.281016361735113,-0.6326086915870485,0.0
0.8527736751222195,0.09596218326960407,0.0
-0.8463566549908735,0.6855157243451658,0.0
1.0299608175811612,-0.9101169009262859,0.0
-0.4036484632419967,-0.4734438150130272,0.0
0.42359906559346105,-1.3507473054446277,0.0
-1.0675329142542729,2.9168507135261286,0.0
1.4122205554154292,0.03425148409992202,0.0
0.4523717962497339,-0.11262993562595225,0.0
0.4283070972076486,-1.5024513360827199,0.0
0.985729995679863,-0.2646619576897775,0.0
2.589563642018614,1.6792174578955104,0.0
0.32579631658216646,0.8197250947599921,0.0
-0.35316629281068834,0.27490091560309043,0.0
-0.29540141013902943,0.4786884420676953,0.0
1.3175975356079597,0.23823979737110065,0.0
1.1398785611290454,-1.4234661469242749,0.0
-0.11806852699107874,1.86268199143799,0.0
-0.6078219870944325,-3.0007559755657485,0.0
-0.022868062298882122,1.8342272780706634,0.0
-0.5047749212282174,-1.413226769821172,0.0
0.5467335682013793,1.1888162422851696,0.0
-0.36682441181468756,-0.33790101513205506,0.0
-0.9224101844985025,-0.5540296875479533,0.0
-0.3223204692113399,2.284486208375474,0.0
1.5213160519224513,1.7213220877093924,0.0
-0.4316203127180484,1.4118248116257113,0.0
-0.024195606390916165,0.570960569292148,0.0
0.324359281721603,-1.2780274277863493,0.0
1.1876793884615637,-1.6674140632357344,0.0
0.2011596558728393,-0.6570680831525199,0.0
-0.25890497370407733,0.40062954999636147,0.0
-0.47490365662252443,0.8297103310065618,0.0
-1.3459796802467485,1.2322004549230596,0.0
1.9389289990582848,0.17872771540154503,0.0
-0.6777449705248515,-1.414682126123847,0.0
0.17958178193959795,0.7267754507976312,0.0
0.4891871301476635,0.49586584176889215,0.0
1.1096998419562232,0.8976317091694231,0.0
-0.24125765461854246,0.5795711027418291,0.0
1.8998819348952156,0.9511628499363723,0.0
-0.9745293046706415,-0.18757244296258896,0.0
-0.12038116395359824,1.5656484971467202,0.0
0.8474216771504216,-3.0726187385280452,0.0
-0.09053328230416077,-0.7570683808966238,0.0
0.1904996797790664,0.4694910859318038,0.0
-0.43548637056984335,1.0033163816482666,0.0
-0.2595466775839172,0.7256411787128884,0.0
0.6153674840130534,1.0448358020944952,0.0
1.0859821161750323,-1.3229100992001515,0.0
0.8080577982811451,-0.7579667730164947,0.0
1.8381836767951225,0.5194226998997534,0.0
-0.3493167961181975,-0.3160286229993003,0.0
-0.30317978283427544,-0.027463470022371865,0.0
-1.616310608436588,1.1312886868369758,0.0
-1.067802921579193,-1.4901319675908662,0.0
1.7106133725819253,1.3439378849951482,0.0
-0.16882172319001063,-0.14771350143496348,0.0
1.1618783026081905,0.09906871914823337,0.0
0.23836898273478513,-1.3114753794815066,0.0
0.5010941699398452,1.3791377140324088,0.0
1.0010460925671412,0.2681088933705592,0.0
0.6778753195309076,-3.8229477710044417,0.0
-1.830632896856457,-0.9250027018972498,0.0
1.3736585451629577,0.7229496493686097,0.0
0.9528745472029388,-0.19438155351451858,0.0
1.3149144535840473,2.2801057787668104,0.0
0.7421274910718922,2.319260079247834,0.0
-1.6019658118971685,0.10667927519378724,0.0
-0.8432465953161917,-0.34798490790464204,0.0
-0.1758858124323366,3.0701766342205112,0.0
0.5514853760404675,0.17423790870417635,0.0
1.695051040430753,0.06166317101256962,0.0
0.1946074552372427,-0.8805591719678133,0.0
-1.3200225112207058,-1.0500119719572751,0.0
-0.03703679704841202,-0.8651721453989136,0.0
-0.692420979873856,-0.6071250282692485,0.0
-0.08310557262869477,-1.9888332301268399,0.0
0.7600559636896026,-2.12799596053376,0.0
-1.4575514994649306,0.11658741667866171,0.0
-0.7521564055905832,-0.43728767037278427,0.0
1.3404504460231446,0.45138092139859776,0.0
0.11502607914741717,-2.651894338361663,0.0
0.6713400764504657,-0.2264619712710611,0.0
-0.7519693317388191,0.3015055631059548,0.0
-0.796025856803489,-0.4512104029482444,0.0
0.02131164867194222,1.5217038886164045,0.0
-0.060660813814620775,2.6886896524493085,0.0
-1.5137143926128271,-1.0018384574416523,0.0
-1.5841359430054898,-2.5500245850141896,0.0
0.5087250232299338,0.37777413273174454,0.0
0.8950383140761154,-2.2361413355120785,0.0
0.14679301198554937,-0.6831514907449308,0.0
0.8968393158655319,2.280024278016493,0.0
-0.8911922254152874,-0.37975968418126244,0.0
-0.7191533192424201,-3.043126524283208,0.0
-0.987179527151184,-0.29858324717719614,0.0
0.07685188295876821,-0.18562538301789638,0.0
-0.6500025808234597,-0.31799437905370265,0.0
0.44194064956940904,0.23851372445293173,0.0
1.41093237974627,-1.5420571637187837,0.0
0.018849622944847662,-0.13942467376543574,0.0
0.23321613126350166,1.0015664424376627,0.0
0.2871241652018242,1.347938754474751,0.0
0.36150352520610163,-0.8661172413206796,0.0
0.10855970577652314,-1.6174731140344223,0.0
-0.2081168572725397,-0.04699430344692753,0.0
-1.881849045497639,-0.1817794919506227,0.0
0.09284490114111471,-0.7760142065391932,0.0
-1.0276751409259581,0.2260710775947535,0.0
-0.8661748482145009,1.789981194552827,0.0
0.42719436187168486,1.3710195211251646,0.0
1.775310892609512,-0.9139034259569867,0.0
0.9191541736100015,-1.6880573960180665,0.0
-0.6706202090766449,1.4150370844470896,0.0
-0.2500465145989528,1.9692433124848954,0.0
0.2603218387712207,0.4082744458982843,0.0
0.8108082731597821,-0.18994124373291046,0.0
-1.7485319732381808,1.1221625101950146,0.0
-1.6624919880356743,1.8446156614273002,0.0
1.1267051368275833,1.460240845956833,0.0
-0.4108142879545848,-1.5428595217040941,0.0
-0.21492103028873533,-1.5637025381520573,0.0
0.7796605322693398,-0.4356262623713635,0.0
1.395683810789956,1.8530563996584348,0.0
-0.20922187374452778,-0.7950256475195535,0.0
-0.8058700664961888,-2.380741122855713,0.0
1.6155828235482317,1.364506265204254,0.0
-0.5924642591528942,-1.7456329153125159,0.0
0.2801611588196068,-0.037343379616042345,0.0
0.4240610444640897,-1.1449522780181882,0.0
-0.014452270878279104,-0.6701100310137017,0.0
0.0064222698109378164,0.7725625924376194,0.0
-0.10960980392583083,-0.6171428448109342,0.0
-0.3700110298821277,-0.12496409531960574,0.0
1.598647170504717,-0.3659929017125736,0.0
-0.29548031802916036,0.793259890677329,0.0
-0.33381948975600995,0.9856423712147466,0.0
0.3696421921980939,1.6590487728290502,0.0
0.4477169258102776,-0.1517481473224914,0.0
-1.1267674689098053,-2.2215543590637323,0.0
0.14294309476370676,-1.6884649365059285,0.0
2.2313001461926323,2.450146209286633,0.0
0.5008444749444569,0.9023405211446103,0.0
-0.5426737997340217,-2.54708027425576,0.0
-0.620847598251116,-1.1140944661657932,0.0
-0.47209057769712737,-0.23779126867181075,0.0
0.7479102561175338,-2.7991526358359344,0.0
0.23924686411114954,-1.5170877359423847,0.0
-0.9193845915864234,2.9331958410434096,0.0
-0.2860042218801108,-3.578366931371281,0.0
1.9583474542205939,1.5569920474403118,0.0
0.4966992232365217,-1.7388457120849468,0.0
-0.10594835430413566,-0.6580483586923713,0.0
-1.5029703283951532,3.7396662249225545,0.0
0.4676931717654332,0.358842070597584,0.0
0.09798315347089544,1.535533746568465,0.0
-0.3916485674217911,0.43564925086305045,0.0
-0.3431922754974105,0.3806029703088179,0.0
-0.36961033604363397,0.8790353966243027,0.0
-0.029262813684978354,0.5333004914327085,0.0
-0.05139372358848624,1.5924755365556251,0.0
1.2619215007139917,-2.5074465630660154,0.0
-0.6537663386488198,-1.2808989037593044,0.0
1.3744380931708173,-0.8423922806170147,0.0
3.1377485336599937,-3.020299438219171,0.0
0.22323891412915967,1.4934898620176646,0.0
0.28555407485765694,-0.07763184016446925,0.0
0.645215585950057,0.7369784058708622,0.0
0.08958068125524882,0.7857433711371381,0.0
-0.1512732836535117,-0.2790786703759028,0.0
1.1337700968670645,-0.27564193349357896,0.0
-2.9403886346642802,0.8394159666873156,0.0
0.19473619471877485,0.9275837737394327,0.0
-0.38851845308888583,-0.026458177100923193,0.0
0.9475264621228578,1.5897354542403297,0.0
0.4070522871245351,-1.0930140798914358,0.0
-1.3796181647889305,-1.374130131959441,0.0
0.8623934723827588,-0.8863119987879537,0.0
0.513085420097293,1.3479223658083335,0.0
0.5161782871149584,1.0254402957800286,0.0
0.43192254467394064,-0.9071919719770272,0.0
0.7542913298135743,1.1319500060295984,0.0
0.7083038472010638,1.6813774144261617,0.0
1.0701502383164274,0.4970228215770208,0.0
-0.8818746512277178,-0.03750672452123363,0.0
-0.7449026448064491,-0.23061151198427537,0.0
-2.951688079210034,-1.6762936717348857,1.0
-1.3189921240086588,-5.344154620423186,1.0
-2.613978024791182,-3.7204323262454517,1.0
-3.551902496634507,-2.679774530932611,1.0
-2.4072533878236344,-3.918935590558519,1.0
-2.6459854158045943,-4.849271624395899,1.0
-4.181866198019517,-2.438188705025447,1.0
-3.323600632664755,-1.9325944980105352,1.0
-1.8881579292999269,-5.595523280749932,1.0
-4.5315993748220444,-1.6752494129130746,1.0
4.0,-3.0,1.0
4.0,-2.0,1.0
